Week of,Series ID: PET.EMD_EPD2D_PTE_NUS_DPG.W Dollars per Gallon
10/24/2022,5.341
10/17/2022,5.339
10/10/2022,5.224
10/3/2022,4.836
09/26/2022,4.889
09/19/2022,4.964
09/12/2022,5.033
09/5/2022,5.084
08/29/2022,5.115
08/22/2022,4.909
08/15/2022,4.911
08/8/2022,4.993
08/1/2022,5.138
07/25/2022,5.268
07/18/2022,5.432
07/11/2022,5.568
07/4/2022,5.675
06/27/2022,5.783
06/20/2022,5.81
06/13/2022,5.718
06/6/2022,5.703
05/30/2022,5.539
05/23/2022,5.571
05/16/2022,5.613
05/9/2022,5.623
05/2/2022,5.509
04/25/2022,5.16
04/18/2022,5.101
04/11/2022,5.073
04/4/2022,5.144
03/28/2022,5.185
03/21/2022,5.134
03/14/2022,5.25
03/7/2022,4.849
02/28/2022,4.104
02/21/2022,4.055
02/14/2022,4.019
02/7/2022,3.951
01/31/2022,3.846
01/24/2022,3.78
01/17/2022,3.725
01/10/2022,3.657
01/3/2022,3.613
12/27/2021,3.615
12/20/2021,3.626
12/13/2021,3.649
12/6/2021,3.674
11/29/2021,3.72
11/22/2021,3.724
11/15/2021,3.734
11/8/2021,3.73
11/1/2021,3.727
10/25/2021,3.713
10/18/2021,3.671
10/11/2021,3.586
10/4/2021,3.477
09/27/2021,3.406
09/20/2021,3.385
09/13/2021,3.372
09/6/2021,3.373
08/30/2021,3.339
08/23/2021,3.324
08/16/2021,3.356
08/9/2021,3.364
08/2/2021,3.367
07/26/2021,3.342
07/19/2021,3.344
07/12/2021,3.338
07/5/2021,3.331
06/28/2021,3.3
06/21/2021,3.287
06/14/2021,3.286
06/7/2021,3.274
05/31/2021,3.255
05/24/2021,3.253
05/17/2021,3.249
05/10/2021,3.186
05/3/2021,3.142
04/26/2021,3.124
04/19/2021,3.124
04/12/2021,3.129
04/5/2021,3.144
03/29/2021,3.161
03/22/2021,3.194
03/15/2021,3.191
03/8/2021,3.143
03/1/2021,3.072
02/22/2021,2.973
02/15/2021,2.876
02/8/2021,2.801
02/1/2021,2.738
01/25/2021,2.716
01/18/2021,2.696
01/11/2021,2.67
01/4/2021,2.64
12/28/2020,2.635
12/21/2020,2.619
12/14/2020,2.559
12/7/2020,2.526
11/30/2020,2.502
11/23/2020,2.462
11/16/2020,2.441
11/9/2020,2.383
11/2/2020,2.372
10/26/2020,2.385
10/19/2020,2.388
10/12/2020,2.395
10/5/2020,2.387
09/28/2020,2.394
09/21/2020,2.404
09/14/2020,2.422
09/7/2020,2.435
08/31/2020,2.441
08/24/2020,2.426
08/17/2020,2.427
08/10/2020,2.428
08/3/2020,2.424
07/27/2020,2.427
07/20/2020,2.433
07/13/2020,2.438
07/6/2020,2.437
06/29/2020,2.43
06/22/2020,2.425
06/15/2020,2.403
06/8/2020,2.396
06/1/2020,2.386
05/25/2020,2.39
05/18/2020,2.386
05/11/2020,2.394
05/4/2020,2.399
04/27/2020,2.437
04/20/2020,2.48
04/13/2020,2.507
04/6/2020,2.548
03/30/2020,2.586
03/23/2020,2.659
03/16/2020,2.733
03/9/2020,2.814
03/2/2020,2.851
02/24/2020,2.882
02/17/2020,2.89
02/10/2020,2.91
02/3/2020,2.956
01/27/2020,3.01
01/20/2020,3.037
01/13/2020,3.064
01/6/2020,3.079
12/30/2019,3.069
12/23/2019,3.041
12/16/2019,3.046
12/9/2019,3.049
12/2/2019,3.07
11/25/2019,3.066
11/18/2019,3.074
11/11/2019,3.073
11/4/2019,3.062
10/28/2019,3.064
10/21/2019,3.05
10/14/2019,3.051
10/7/2019,3.047
09/30/2019,3.066
09/23/2019,3.081
09/16/2019,2.987
09/9/2019,2.971
09/2/2019,2.976
08/26/2019,2.983
08/19/2019,2.994
08/12/2019,3.011
08/5/2019,3.032
07/29/2019,3.034
07/22/2019,3.044
07/15/2019,3.051
07/8/2019,3.055
07/1/2019,3.042
06/24/2019,3.043
06/17/2019,3.07
06/10/2019,3.105
06/3/2019,3.136
05/27/2019,3.151
05/20/2019,3.163
05/13/2019,3.16
05/6/2019,3.171
04/29/2019,3.169
04/22/2019,3.147
04/15/2019,3.118
04/8/2019,3.093
04/1/2019,3.078
03/25/2019,3.08
03/18/2019,3.07
03/11/2019,3.079
03/4/2019,3.076
02/25/2019,3.048
02/18/2019,3.006
02/11/2019,2.966
02/4/2019,2.966
01/28/2019,2.965
01/21/2019,2.965
01/14/2019,2.976
01/7/2019,3.013
12/31/2018,3.048
12/24/2018,3.077
12/17/2018,3.121
12/10/2018,3.161
12/3/2018,3.207
11/26/2018,3.261
11/19/2018,3.282
11/12/2018,3.317
11/5/2018,3.338
10/29/2018,3.355
10/22/2018,3.38
10/15/2018,3.394
10/8/2018,3.385
10/1/2018,3.313
09/24/2018,3.271
09/17/2018,3.268
09/10/2018,3.258
09/3/2018,3.252
08/27/2018,3.226
08/20/2018,3.207
08/13/2018,3.217
08/6/2018,3.223
07/30/2018,3.226
07/23/2018,3.22
07/16/2018,3.239
07/9/2018,3.243
07/2/2018,3.236
06/25/2018,3.216
06/18/2018,3.244
06/11/2018,3.266
06/4/2018,3.285
05/28/2018,3.288
05/21/2018,3.277
05/14/2018,3.239
05/7/2018,3.171
04/30/2018,3.157
04/23/2018,3.133
04/16/2018,3.104
04/9/2018,3.043
04/2/2018,3.042
03/26/2018,3.01
03/19/2018,2.972
03/12/2018,2.976
03/5/2018,2.992
02/26/2018,3.007
02/19/2018,3.027
02/12/2018,3.063
02/5/2018,3.086
01/29/2018,3.07
01/22/2018,3.025
01/15/2018,3.028
01/8/2018,2.996
01/1/2018,2.973
12/25/2017,2.903
12/18/2017,2.901
12/11/2017,2.91
12/4/2017,2.922
11/27/2017,2.926
11/20/2017,2.912
11/13/2017,2.915
11/6/2017,2.882
10/30/2017,2.819
10/23/2017,2.797
10/16/2017,2.787
10/9/2017,2.776
10/2/2017,2.792
09/25/2017,2.788
09/18/2017,2.791
09/11/2017,2.802
09/4/2017,2.758
08/28/2017,2.605
08/21/2017,2.596
08/14/2017,2.598
08/7/2017,2.581
07/31/2017,2.531
07/24/2017,2.507
07/17/2017,2.491
07/10/2017,2.481
07/3/2017,2.472
06/26/2017,2.465
06/19/2017,2.489
06/12/2017,2.524
06/5/2017,2.564
05/29/2017,2.571
05/22/2017,2.539
05/15/2017,2.544
05/8/2017,2.565
05/1/2017,2.583
04/24/2017,2.595
04/17/2017,2.597
04/10/2017,2.582
04/3/2017,2.556
03/27/2017,2.532
03/20/2017,2.539
03/13/2017,2.564
03/6/2017,2.579
02/27/2017,2.577
02/20/2017,2.572
02/13/2017,2.565
02/6/2017,2.558
01/30/2017,2.562
01/23/2017,2.569
01/16/2017,2.585
01/9/2017,2.597
01/2/2017,2.586
12/26/2016,2.54
12/19/2016,2.527
12/12/2016,2.493
12/5/2016,2.48
11/28/2016,2.42
11/21/2016,2.421
11/14/2016,2.443
11/7/2016,2.47
10/31/2016,2.479
10/24/2016,2.478
10/17/2016,2.481
10/10/2016,2.445
10/3/2016,2.389
09/26/2016,2.382
09/19/2016,2.389
09/12/2016,2.399
09/5/2016,2.407
08/29/2016,2.409
08/22/2016,2.37
08/15/2016,2.31
08/8/2016,2.316
08/1/2016,2.348
07/25/2016,2.379
07/18/2016,2.402
07/11/2016,2.414
07/4/2016,2.423
06/27/2016,2.426
06/20/2016,2.426
06/13/2016,2.431
06/6/2016,2.407
05/30/2016,2.382
05/23/2016,2.357
05/16/2016,2.297
05/9/2016,2.271
05/2/2016,2.266
04/25/2016,2.198
04/18/2016,2.165
04/11/2016,2.128
04/4/2016,2.115
03/28/2016,2.121
03/21/2016,2.119
03/14/2016,2.099
03/7/2016,2.021
02/29/2016,1.989
02/22/2016,1.983
02/15/2016,1.98
02/8/2016,2.008
02/1/2016,2.031
01/25/2016,2.071
01/18/2016,2.112
01/11/2016,2.177
01/4/2016,2.211
12/28/2015,2.237
12/21/2015,2.284
12/14/2015,2.338
12/7/2015,2.379
11/30/2015,2.421
11/23/2015,2.445
11/16/2015,2.482
11/9/2015,2.502
11/2/2015,2.485
10/26/2015,2.498
10/19/2015,2.531
10/12/2015,2.556
10/5/2015,2.492
09/28/2015,2.476
09/21/2015,2.493
09/14/2015,2.517
09/7/2015,2.534
08/31/2015,2.514
08/24/2015,2.561
08/17/2015,2.615
08/10/2015,2.617
08/3/2015,2.668
07/27/2015,2.723
07/20/2015,2.782
07/13/2015,2.814
07/6/2015,2.832
06/29/2015,2.843
06/22/2015,2.859
06/15/2015,2.87
06/8/2015,2.884
06/1/2015,2.909
05/25/2015,2.914
05/18/2015,2.904
05/11/2015,2.878
05/4/2015,2.854
04/27/2015,2.811
04/20/2015,2.78
04/13/2015,2.754
04/6/2015,2.784
03/30/2015,2.824
03/23/2015,2.864
03/16/2015,2.917
03/9/2015,2.944
03/2/2015,2.936
02/23/2015,2.9
02/16/2015,2.865
02/9/2015,2.835
02/2/2015,2.831
01/26/2015,2.866
01/19/2015,2.933
01/12/2015,3.053
01/5/2015,3.137
12/29/2014,3.213
12/22/2014,3.281
12/15/2014,3.419
12/8/2014,3.535
12/1/2014,3.605
11/24/2014,3.628
11/17/2014,3.661
11/10/2014,3.677
11/3/2014,3.623
10/27/2014,3.635
10/20/2014,3.656
10/13/2014,3.698
10/6/2014,3.733
09/29/2014,3.755
09/22/2014,3.778
09/15/2014,3.801
09/8/2014,3.814
09/1/2014,3.814
08/25/2014,3.821
08/18/2014,3.835
08/11/2014,3.843
08/4/2014,3.853
07/28/2014,3.858
07/21/2014,3.869
07/14/2014,3.894
07/7/2014,3.913
06/30/2014,3.92
06/23/2014,3.919
06/16/2014,3.882
06/9/2014,3.892
06/2/2014,3.918
05/26/2014,3.925
05/19/2014,3.934
05/12/2014,3.948
05/5/2014,3.964
04/28/2014,3.975
04/21/2014,3.971
04/14/2014,3.952
04/7/2014,3.959
03/31/2014,3.975
03/24/2014,3.988
03/17/2014,4.003
03/10/2014,4.021
03/3/2014,4.016
02/24/2014,4.017
02/17/2014,3.989
02/10/2014,3.977
02/3/2014,3.951
01/27/2014,3.904
01/20/2014,3.873
01/13/2014,3.886
01/6/2014,3.91
12/30/2013,3.903
12/23/2013,3.873
12/16/2013,3.871
12/9/2013,3.879
12/2/2013,3.883
11/25/2013,3.844
11/18/2013,3.822
11/11/2013,3.832
11/4/2013,3.857
10/28/2013,3.87
10/21/2013,3.886
10/14/2013,3.886
10/7/2013,3.897
09/30/2013,3.919
09/23/2013,3.949
09/16/2013,3.974
09/9/2013,3.981
09/2/2013,3.981
08/26/2013,3.913
08/19/2013,3.9
08/12/2013,3.896
08/5/2013,3.909
07/29/2013,3.915
07/22/2013,3.903
07/15/2013,3.867
07/8/2013,3.828
07/1/2013,3.817
06/24/2013,3.838
06/17/2013,3.841
06/10/2013,3.849
06/3/2013,3.869
05/27/2013,3.88
05/20/2013,3.89
05/13/2013,3.866
05/6/2013,3.845
04/29/2013,3.851
04/22/2013,3.887
04/15/2013,3.942
04/8/2013,3.977
04/1/2013,3.993
03/25/2013,4.006
03/18/2013,4.047
03/11/2013,4.088
03/4/2013,4.13
02/25/2013,4.159
02/18/2013,4.157
02/11/2013,4.104
02/4/2013,4.022
01/28/2013,3.927
01/21/2013,3.902
01/14/2013,3.894
01/7/2013,3.911
12/31/2012,3.918
12/24/2012,3.923
12/17/2012,3.945
12/10/2012,3.991
12/3/2012,4.027
11/26/2012,4.034
11/19/2012,3.976
11/12/2012,3.98
11/5/2012,4.01
10/29/2012,4.03
10/22/2012,4.116
10/15/2012,4.15
10/8/2012,4.094
10/1/2012,4.079
09/24/2012,4.086
09/17/2012,4.135
09/10/2012,4.132
09/3/2012,4.127
08/27/2012,4.089
08/20/2012,4.026
08/13/2012,3.965
08/6/2012,3.85
07/30/2012,3.796
07/23/2012,3.783
07/16/2012,3.695
07/9/2012,3.683
07/2/2012,3.648
06/25/2012,3.678
06/18/2012,3.729
06/11/2012,3.781
06/4/2012,3.846
05/28/2012,3.897
05/21/2012,3.956
05/14/2012,4.004
05/7/2012,4.057
04/30/2012,4.073
04/23/2012,4.085
04/16/2012,4.127
04/9/2012,4.148
04/2/2012,4.142
03/26/2012,4.147
03/19/2012,4.142
03/12/2012,4.123
03/5/2012,4.094
02/27/2012,4.051
02/20/2012,3.96
02/13/2012,3.943
02/6/2012,3.856
01/30/2012,3.85
01/23/2012,3.848
01/16/2012,3.854
01/9/2012,3.828
01/2/2012,3.783
12/26/2011,3.791
12/19/2011,3.828
12/12/2011,3.894
12/5/2011,3.931
11/28/2011,3.964
11/21/2011,4.01
11/14/2011,3.987
11/7/2011,3.887
10/31/2011,3.892
10/24/2011,3.825
10/17/2011,3.801
10/10/2011,3.721
10/3/2011,3.749
09/26/2011,3.786
09/19/2011,3.833
09/12/2011,3.862
09/5/2011,3.868
08/29/2011,3.82
08/22/2011,3.81
08/15/2011,3.835
08/8/2011,3.897
08/1/2011,3.937
07/25/2011,3.949
07/18/2011,3.923
07/11/2011,3.899
07/4/2011,3.85
06/27/2011,3.888
06/20/2011,3.95
06/13/2011,3.954
06/6/2011,3.94
05/30/2011,3.948
05/23/2011,3.997
05/16/2011,4.061
05/9/2011,4.104
05/2/2011,4.124
04/25/2011,4.098
04/18/2011,4.105
04/11/2011,4.078
04/4/2011,3.976
03/28/2011,3.932
03/21/2011,3.907
03/14/2011,3.908
03/7/2011,3.871
02/28/2011,3.716
02/21/2011,3.573
02/14/2011,3.534
02/7/2011,3.513
01/31/2011,3.438
01/24/2011,3.43
01/17/2011,3.407
01/10/2011,3.333
01/3/2011,3.331
12/27/2010,3.294
12/20/2010,3.248
12/13/2010,3.231
12/6/2010,3.197
11/29/2010,3.162
11/22/2010,3.171
11/15/2010,3.184
11/8/2010,3.116
11/1/2010,3.067
10/25/2010,3.067
10/18/2010,3.073
10/11/2010,3.066
10/4/2010,3
09/27/2010,2.951
09/20/2010,2.96
09/13/2010,2.943
09/6/2010,2.931
08/30/2010,2.938
08/23/2010,2.957
08/16/2010,2.979
08/9/2010,2.991
08/2/2010,2.928
07/26/2010,2.919
07/19/2010,2.899
07/12/2010,2.903
07/5/2010,2.924
06/28/2010,2.956
06/21/2010,2.961
06/14/2010,2.928
06/7/2010,2.946
05/31/2010,2.98
05/24/2010,3.021
05/17/2010,3.094
05/10/2010,3.127
05/3/2010,3.122
04/26/2010,3.078
04/19/2010,3.074
04/12/2010,3.069
04/5/2010,3.015
03/29/2010,2.939
03/22/2010,2.946
03/15/2010,2.924
03/8/2010,2.904
03/1/2010,2.861
02/22/2010,2.832
02/15/2010,2.756
02/8/2010,2.769
02/1/2010,2.781
01/25/2010,2.833
01/18/2010,2.87
01/11/2010,2.879
01/4/2010,2.797
12/28/2009,2.732
12/21/2009,2.726
12/14/2009,2.748
12/7/2009,2.772
11/30/2009,2.775
11/23/2009,2.787
11/16/2009,2.79
11/9/2009,2.801
11/2/2009,2.808
10/26/2009,2.801
10/19/2009,2.705
10/12/2009,2.6
10/5/2009,2.582
09/28/2009,2.601
09/21/2009,2.622
09/14/2009,2.634
09/7/2009,2.647
08/31/2009,2.674
08/24/2009,2.668
08/17/2009,2.652
08/10/2009,2.625
08/3/2009,2.55
07/27/2009,2.528
07/20/2009,2.496
07/13/2009,2.542
07/6/2009,2.594
06/29/2009,2.608
06/22/2009,2.616
06/15/2009,2.572
06/8/2009,2.498
06/1/2009,2.352
05/25/2009,2.274
05/18/2009,2.231
05/11/2009,2.216
05/4/2009,2.185
04/27/2009,2.201
04/20/2009,2.221
04/13/2009,2.229
04/6/2009,2.228
03/30/2009,2.221
03/23/2009,2.09
03/16/2009,2.017
03/9/2009,2.045
03/2/2009,2.087
02/23/2009,2.13
02/16/2009,2.186
02/9/2009,2.219
02/2/2009,2.246
01/26/2009,2.268
01/19/2009,2.296
01/12/2009,2.314
01/5/2009,2.291
12/29/2008,2.327
12/22/2008,2.366
12/15/2008,2.422
12/8/2008,2.515
12/1/2008,2.615
11/24/2008,2.664
11/17/2008,2.809
11/10/2008,2.944
11/3/2008,3.088
10/27/2008,3.288
10/20/2008,3.482
10/13/2008,3.659
10/6/2008,3.875
09/29/2008,3.959
09/22/2008,3.958
09/15/2008,4.023
09/8/2008,4.059
09/1/2008,4.121
08/25/2008,4.145
08/18/2008,4.207
08/11/2008,4.353
08/4/2008,4.502
07/28/2008,4.603
07/21/2008,4.718
07/14/2008,4.764
07/7/2008,4.727
06/30/2008,4.645
06/23/2008,4.648
06/16/2008,4.692
06/9/2008,4.692
06/2/2008,4.707
05/26/2008,4.723
05/19/2008,4.497
05/12/2008,4.331
05/5/2008,4.149
04/28/2008,4.177
04/21/2008,4.143
04/14/2008,4.059
04/7/2008,3.955
03/31/2008,3.964
03/24/2008,3.989
03/17/2008,3.974
03/10/2008,3.819
03/3/2008,3.658
02/25/2008,3.552
02/18/2008,3.396
02/11/2008,3.28
02/4/2008,3.28
01/28/2008,3.259
01/21/2008,3.27
01/14/2008,3.326
01/7/2008,3.376
12/31/2007,3.345
12/24/2007,3.308
12/17/2007,3.309
12/10/2007,3.325
12/3/2007,3.416
11/26/2007,3.444
11/19/2007,3.41
11/12/2007,3.425
11/5/2007,3.303
10/29/2007,3.157
10/22/2007,3.094
10/15/2007,3.039
10/8/2007,3.035
10/1/2007,3.048
09/24/2007,3.032
09/17/2007,2.964
09/10/2007,2.924
09/3/2007,2.893
08/27/2007,2.863
08/20/2007,2.868
08/13/2007,2.847
08/6/2007,2.898
07/30/2007,2.886
07/23/2007,2.889
07/16/2007,2.889
07/9/2007,2.849
07/2/2007,2.829
06/25/2007,2.835
06/18/2007,2.805
06/11/2007,2.792
06/4/2007,2.799
05/28/2007,2.817
05/21/2007,2.803
05/14/2007,2.773
05/7/2007,2.792
04/30/2007,2.811
04/23/2007,2.851
04/16/2007,2.877
04/9/2007,2.84
04/2/2007,2.79
03/26/2007,2.676
03/19/2007,2.681
03/12/2007,2.685
03/5/2007,2.626
02/26/2007,2.551
02/19/2007,2.491
02/12/2007,2.476
02/5/2007,2.435
01/29/2007,2.413
01/22/2007,2.43
01/15/2007,2.463
01/8/2007,2.537
01/1/2007,2.58
12/25/2006,2.596
12/18/2006,2.606
12/11/2006,2.621
12/4/2006,2.618
11/27/2006,2.567
11/20/2006,2.553
11/13/2006,2.552
11/6/2006,2.506
10/30/2006,2.517
10/23/2006,2.524
10/16/2006,2.503
10/9/2006,2.506
10/2/2006,2.546
09/25/2006,2.595
09/18/2006,2.713
09/11/2006,2.857
09/4/2006,2.967
08/28/2006,3.027
08/21/2006,3.033
08/14/2006,3.065
08/7/2006,3.055
07/31/2006,2.98
07/24/2006,2.946
07/17/2006,2.926
07/10/2006,2.918
07/3/2006,2.898
06/26/2006,2.867
06/19/2006,2.915
06/12/2006,2.918
06/5/2006,2.89
05/29/2006,2.882
05/22/2006,2.888
05/15/2006,2.92
05/8/2006,2.897
05/1/2006,2.896
04/24/2006,2.876
04/17/2006,2.765
04/10/2006,2.654
04/3/2006,2.617
03/27/2006,2.565
03/20/2006,2.581
03/13/2006,2.543
03/6/2006,2.545
02/27/2006,2.471
02/20/2006,2.455
02/13/2006,2.476
02/6/2006,2.499
01/30/2006,2.489
01/23/2006,2.472
01/16/2006,2.449
01/9/2006,2.485
01/2/2006,2.442
12/26/2005,2.448
12/19/2005,2.462
12/12/2005,2.436
12/5/2005,2.425
11/28/2005,2.479
11/21/2005,2.513
11/14/2005,2.602
11/7/2005,2.698
10/31/2005,2.876
10/24/2005,3.157
10/17/2005,3.148
10/10/2005,3.15
10/3/2005,3.144
09/26/2005,2.798
09/19/2005,2.732
09/12/2005,2.847
09/5/2005,2.898
08/29/2005,2.59
08/22/2005,2.588
08/15/2005,2.567
08/8/2005,2.407
08/1/2005,2.348
07/25/2005,2.342
07/18/2005,2.392
07/11/2005,2.408
07/4/2005,2.348
06/27/2005,2.336
06/20/2005,2.313
06/13/2005,2.276
06/6/2005,2.234
05/30/2005,2.16
05/23/2005,2.156
05/16/2005,2.189
05/9/2005,2.227
05/2/2005,2.262
04/25/2005,2.289
04/18/2005,2.259
04/11/2005,2.316
04/4/2005,2.303
03/28/2005,2.249
03/21/2005,2.244
03/14/2005,2.194
03/7/2005,2.168
02/28/2005,2.118
02/21/2005,2.02
02/14/2005,1.986
02/7/2005,1.983
01/31/2005,1.992
01/24/2005,1.959
01/17/2005,1.952
01/10/2005,1.934
01/3/2005,1.957
12/27/2004,1.987
12/20/2004,1.984
12/13/2004,1.997
12/6/2004,2.069
11/29/2004,2.116
11/22/2004,2.116
11/15/2004,2.132
11/8/2004,2.163
11/1/2004,2.206
10/25/2004,2.212
10/18/2004,2.18
10/11/2004,2.092
10/4/2004,2.053
09/27/2004,2.012
09/20/2004,1.912
09/13/2004,1.874
09/6/2004,1.869
08/30/2004,1.871
08/23/2004,1.874
08/16/2004,1.825
08/9/2004,1.814
08/2/2004,1.78
07/26/2004,1.754
07/19/2004,1.744
07/12/2004,1.74
07/5/2004,1.716
06/28/2004,1.7
06/21/2004,1.7
06/14/2004,1.711
06/7/2004,1.734
05/31/2004,1.746
05/24/2004,1.761
05/17/2004,1.763
05/10/2004,1.745
05/3/2004,1.717
04/26/2004,1.718
04/19/2004,1.724
04/12/2004,1.679
04/5/2004,1.648
03/29/2004,1.642
03/22/2004,1.641
03/15/2004,1.617
03/8/2004,1.628
03/1/2004,1.619
02/23/2004,1.595
02/16/2004,1.584
02/9/2004,1.568
02/2/2004,1.581
01/26/2004,1.591
01/19/2004,1.559
01/12/2004,1.551
01/5/2004,1.503
12/29/2003,1.502
12/22/2003,1.504
12/15/2003,1.486
12/8/2003,1.481
12/1/2003,1.476
11/24/2003,1.491
11/17/2003,1.481
11/10/2003,1.476
11/3/2003,1.481
10/27/2003,1.495
10/20/2003,1.502
10/13/2003,1.483
10/6/2003,1.445
09/29/2003,1.429
09/22/2003,1.444
09/15/2003,1.471
09/8/2003,1.488
09/1/2003,1.501
08/25/2003,1.503
08/18/2003,1.498
08/11/2003,1.492
08/4/2003,1.453
07/28/2003,1.438
07/21/2003,1.439
07/14/2003,1.435
07/7/2003,1.428
06/30/2003,1.42
06/23/2003,1.423
06/16/2003,1.432
06/9/2003,1.422
06/2/2003,1.423
05/26/2003,1.434
05/19/2003,1.443
05/12/2003,1.444
05/5/2003,1.484
04/28/2003,1.508
04/21/2003,1.529
04/14/2003,1.539
04/7/2003,1.554
03/31/2003,1.602
03/24/2003,1.662
03/17/2003,1.752
03/10/2003,1.771
03/3/2003,1.753
02/24/2003,1.709
02/17/2003,1.704
02/10/2003,1.662
02/3/2003,1.542
01/27/2003,1.492
01/20/2003,1.48
01/13/2003,1.478
01/6/2003,1.501
12/30/2002,1.491
12/23/2002,1.44
12/16/2002,1.401
12/9/2002,1.405
12/2/2002,1.407
11/25/2002,1.405
11/18/2002,1.405
11/11/2002,1.427
11/4/2002,1.442
10/28/2002,1.456
10/21/2002,1.469
10/14/2002,1.461
10/7/2002,1.46
09/30/2002,1.438
09/23/2002,1.417
09/16/2002,1.414
09/9/2002,1.396
09/2/2002,1.388
08/26/2002,1.37
08/19/2002,1.333
08/12/2002,1.303
08/5/2002,1.304
07/29/2002,1.303
07/22/2002,1.311
07/15/2002,1.3
07/8/2002,1.294
07/1/2002,1.289
06/24/2002,1.281
06/17/2002,1.275
06/10/2002,1.286
06/3/2002,1.3
05/27/2002,1.308
05/20/2002,1.309
05/13/2002,1.299
05/6/2002,1.305
04/29/2002,1.302
04/22/2002,1.304
04/15/2002,1.32
04/8/2002,1.323
04/1/2002,1.295
03/25/2002,1.281
03/18/2002,1.251
03/11/2002,1.216
03/4/2002,1.173
02/25/2002,1.154
02/18/2002,1.156
02/11/2002,1.153
02/4/2002,1.144
01/28/2002,1.144
01/21/2002,1.14
01/14/2002,1.159
01/7/2002,1.168
12/31/2001,1.169
12/24/2001,1.154
12/17/2001,1.143
12/10/2001,1.173
12/3/2001,1.194
11/26/2001,1.223
11/19/2001,1.252
11/12/2001,1.269
11/5/2001,1.291
10/29/2001,1.31
10/22/2001,1.318
10/15/2001,1.353
10/8/2001,1.371
10/1/2001,1.39
09/24/2001,1.473
09/17/2001,1.527
09/10/2001,1.492
09/3/2001,1.488
08/27/2001,1.452
08/20/2001,1.394
08/13/2001,1.367
08/6/2001,1.345
07/30/2001,1.347
07/23/2001,1.348
07/16/2001,1.38
07/9/2001,1.392
07/2/2001,1.407
06/25/2001,1.447
06/18/2001,1.48
06/11/2001,1.486
06/4/2001,1.514
05/28/2001,1.529
05/21/2001,1.494
05/14/2001,1.491
05/7/2001,1.47
04/30/2001,1.442
04/23/2001,1.443
04/16/2001,1.437
04/9/2001,1.397
04/2/2001,1.391
03/26/2001,1.379
03/19/2001,1.392
03/12/2001,1.406
03/5/2001,1.42
02/26/2001,1.451
02/19/2001,1.48
02/12/2001,1.518
02/5/2001,1.52
01/29/2001,1.539
01/22/2001,1.528
01/15/2001,1.509
01/8/2001,1.52
01/1/2001,1.522
12/25/2000,1.515
12/18/2000,1.545
12/11/2000,1.577
12/4/2000,1.622
11/27/2000,1.645
11/20/2000,1.627
11/13/2000,1.603
11/6/2000,1.61
10/30/2000,1.629
10/23/2000,1.648
10/16/2000,1.67
10/9/2000,1.614
10/2/2000,1.625
09/25/2000,1.657
09/18/2000,1.653
09/11/2000,1.629
09/4/2000,1.609
08/28/2000,1.536
08/21/2000,1.471
08/14/2000,1.447
08/7/2000,1.41
07/31/2000,1.408
07/24/2000,1.424
07/17/2000,1.435
07/10/2000,1.449
07/3/2000,1.453
06/26/2000,1.432
06/19/2000,1.423
06/12/2000,1.411
06/5/2000,1.419
05/29/2000,1.431
05/22/2000,1.432
05/15/2000,1.415
05/8/2000,1.402
05/1/2000,1.418
04/24/2000,1.428
04/17/2000,1.398
04/10/2000,1.419
04/3/2000,1.442
03/27/2000,1.451
03/20/2000,1.479
03/13/2000,1.496
03/6/2000,1.49
02/28/2000,1.461
02/21/2000,1.456
02/14/2000,1.456
02/7/2000,1.47
01/31/2000,1.439
01/24/2000,1.418
01/17/2000,1.307
01/10/2000,1.307
01/3/2000,1.309
12/27/1999,1.298
12/20/1999,1.287
12/13/1999,1.288
12/6/1999,1.294
11/29/1999,1.304
11/22/1999,1.289
11/15/1999,1.261
11/8/1999,1.234
11/1/1999,1.229
10/25/1999,1.226
10/18/1999,1.224
10/11/1999,1.228
10/4/1999,1.234
09/27/1999,1.226
09/20/1999,1.226
09/13/1999,1.209
09/6/1999,1.198
08/30/1999,1.194
08/23/1999,1.186
08/16/1999,1.178
08/9/1999,1.156
08/2/1999,1.146
07/26/1999,1.137
07/19/1999,1.133
07/12/1999,1.114
07/5/1999,1.102
06/28/1999,1.087
06/21/1999,1.082
06/14/1999,1.068
06/7/1999,1.059
05/31/1999,1.065
05/24/1999,1.066
05/17/1999,1.075
05/10/1999,1.083
05/3/1999,1.078
04/26/1999,1.078
04/19/1999,1.08
04/12/1999,1.084
04/5/1999,1.075
03/29/1999,1.046
03/22/1999,1.018
03/15/1999,1
03/8/1999,0.964
03/1/1999,0.956
02/22/1999,0.953
02/15/1999,0.959
02/8/1999,0.962
02/1/1999,0.962
01/25/1999,0.964
01/18/1999,0.97
01/11/1999,0.967
01/4/1999,0.965
12/28/1998,0.966
12/21/1998,0.968
12/14/1998,0.972
12/7/1998,0.986
11/30/1998,1.004
11/23/1998,1.012
11/16/1998,1.026
11/9/1998,1.034
11/2/1998,1.035
10/26/1998,1.036
10/19/1998,1.036
10/12/1998,1.041
10/5/1998,1.041
09/28/1998,1.039
09/21/1998,1.03
09/14/1998,1.019
09/7/1998,1.009
08/31/1998,1
08/24/1998,1.004
08/17/1998,1.007
08/10/1998,1.01
08/3/1998,1.016
07/27/1998,1.02
07/20/1998,1.027
07/13/1998,1.031
07/6/1998,1.036
06/29/1998,1.034
06/22/1998,1.033
06/15/1998,1.04
06/8/1998,1.045
06/1/1998,1.053
05/25/1998,1.06
05/18/1998,1.069
05/11/1998,1.075
05/4/1998,1.072
04/27/1998,1.07
04/20/1998,1.065
04/13/1998,1.065
04/6/1998,1.067
03/30/1998,1.068
03/23/1998,1.049
03/16/1998,1.057
03/9/1998,1.066
03/2/1998,1.074
02/23/1998,1.079
02/16/1998,1.082
02/9/1998,1.085
02/2/1998,1.091
01/26/1998,1.096
01/19/1998,1.109
01/12/1998,1.126
01/5/1998,1.147
12/29/1997,1.15
12/22/1997,1.155
12/15/1997,1.162
12/8/1997,1.174
12/1/1997,1.189
11/24/1997,1.193
11/17/1997,1.195
11/10/1997,1.19
11/3/1997,1.188
10/27/1997,1.185
10/20/1997,1.185
10/13/1997,1.185
10/6/1997,1.175
09/29/1997,1.16
09/22/1997,1.154
09/15/1997,1.156
09/8/1997,1.163
09/1/1997,1.165
08/25/1997,1.169
08/18/1997,1.167
08/11/1997,1.168
08/4/1997,1.155
07/28/1997,1.145
07/21/1997,1.147
07/14/1997,1.152
07/7/1997,1.159
06/30/1997,1.153
06/23/1997,1.162
06/16/1997,1.172
06/9/1997,1.187
06/2/1997,1.19
05/26/1997,1.196
05/19/1997,1.191
05/12/1997,1.191
05/5/1997,1.205
04/28/1997,1.205
04/21/1997,1.211
04/14/1997,1.216
04/7/1997,1.217
03/31/1997,1.225
03/24/1997,1.22
03/17/1997,1.22
03/10/1997,1.23
03/3/1997,1.252
02/24/1997,1.269
02/17/1997,1.278
02/10/1997,1.285
02/3/1997,1.288
01/27/1997,1.283
01/20/1997,1.293
01/13/1997,1.296
01/6/1997,1.291
12/30/1996,1.295
12/23/1996,1.3
12/16/1996,1.307
12/9/1996,1.32
12/2/1996,1.323
11/25/1996,1.327
11/18/1996,1.324
11/11/1996,1.316
11/4/1996,1.323
10/28/1996,1.329
10/21/1996,1.329
10/14/1996,1.326
10/7/1996,1.308
09/30/1996,1.289
09/23/1996,1.277
09/16/1996,1.276
09/9/1996,1.25
09/2/1996,1.231
08/26/1996,1.222
08/19/1996,1.206
08/12/1996,1.191
08/5/1996,1.184
07/29/1996,1.178
07/22/1996,1.184
07/15/1996,1.178
07/8/1996,1.173
07/1/1996,1.172
06/24/1996,1.179
06/17/1996,1.193
06/10/1996,1.215
06/3/1996,1.24
05/27/1996,1.254
05/20/1996,1.274
05/13/1996,1.285
05/6/1996,1.292
04/29/1996,1.285
04/22/1996,1.304
04/15/1996,1.305
04/8/1996,1.249
04/1/1996,1.222
03/25/1996,1.21
03/18/1996,1.172
03/11/1996,1.173
03/4/1996,1.175
02/26/1996,1.164
02/19/1996,1.151
02/12/1996,1.134
02/5/1996,1.13
01/29/1996,1.136
01/22/1996,1.144
01/15/1996,1.152
01/8/1996,1.146
01/1/1996,1.148
12/25/1995,1.141
12/18/1995,1.13
12/11/1995,1.124
12/4/1995,1.123
11/27/1995,1.124
11/20/1995,1.119
11/13/1995,1.118
11/6/1995,1.118
10/30/1995,1.11
10/23/1995,1.114
10/16/1995,1.117
10/9/1995,1.117
10/2/1995,1.117
09/25/1995,1.121
09/18/1995,1.122
09/11/1995,1.119
09/4/1995,1.115
08/28/1995,1.109
08/21/1995,1.106
08/14/1995,1.106
08/7/1995,1.099
07/31/1995,1.093
07/24/1995,1.098
07/17/1995,1.099
07/10/1995,1.103
07/3/1995,1.106
06/26/1995,1.112
06/19/1995,1.117
06/12/1995,1.122
06/5/1995,1.124
05/29/1995,1.13
05/22/1995,1.124
05/15/1995,1.126
05/8/1995,1.126
05/1/1995,1.119
04/24/1995,1.115
04/17/1995,1.106
04/10/1995,1.101
04/3/1995,1.094
03/27/1995,1.088
03/20/1995,1.085
03/13/1995,1.088
03/6/1995,1.089
02/27/1995,1.089
02/20/1995,1.088
02/13/1995,1.088
02/6/1995,1.086
01/30/1995,1.09
01/23/1995,1.095
01/16/1995,1.1
01/9/1995,1.102
01/2/1995,1.104
12/26/1994,1.106
12/19/1994,1.109
12/12/1994,1.114
12/5/1994,1.123
11/28/1994,1.126
11/21/1994,1.13
11/14/1994,1.135
11/7/1994,1.133
10/31/1994,1.133
10/24/1994,1.122
10/17/1994,1.119
10/10/1994,1.117
10/3/1994,1.118
09/26/1994,1.12
09/19/1994,1.126
09/12/1994,1.128
09/5/1994,1.126
08/29/1994,1.122
08/22/1994,1.124
08/15/1994,1.127
08/8/1994,1.127
08/1/1994,1.116
07/25/1994,1.111
07/18/1994,1.111
07/11/1994,1.11
07/4/1994,1.109
06/27/1994,1.108
06/20/1994,1.103
06/13/1994,1.098
06/6/1994,1.101
05/30/1994,1.098
05/23/1994,1.099
05/16/1994,1.099
05/9/1994,1.101
05/2/1994,1.104
04/25/1994,1.106
04/18/1994,1.105
04/11/1994,1.108
04/4/1994,1.109
03/28/1994,1.107
03/21/1994,1.106